{
    "accuracy": 0.9878787878787879,
    "precision": 0.9878799444816723,
    "recall": 0.9878787878787879,
    "f1": 0.98787908312205,
    "train_time": 0.19934582710266113,
    "inference_time": 0.0030820369720458984
}