{
    "accuracy": 0.999554367201426,
    "precision": 0.9995543794472744,
    "recall": 0.999554367201426,
    "f1": 0.9995543653674017,
    "train_time": 405.3200523853302,
    "inference_time": 21.54651713371277
}