{
    "accuracy": 0.9642602495543672,
    "precision": 0.9642621494411122,
    "recall": 0.9642602495543672,
    "f1": 0.9642564008553142,
    "train_time": 25.380770921707153,
    "inference_time": 0.35035204887390137
}