{
    "accuracy": 0.9991087344028521,
    "precision": 0.9991089594084581,
    "recall": 0.9991087344028521,
    "f1": 0.9991087196451547,
    "train_time": 420.1462483406067,
    "inference_time": 21.73033356666565
}