{
    "accuracy": 0.9436720142602496,
    "precision": 0.9436682259429402,
    "recall": 0.9436720142602496,
    "f1": 0.9436681970365773,
    "train_time": 0.020015954971313477,
    "inference_time": 0.006003856658935547
}