{
    "accuracy": 0.9758467023172905,
    "precision": 0.9758601120910697,
    "recall": 0.9758467023172905,
    "f1": 0.9758427670534937,
    "train_time": 39.45489001274109,
    "inference_time": 1.1611418724060059
}